<?xml version="1.0" encoding="UTF-8"?>
<project-private xmlns="http://www.netbeans.org/ns/project-private/1">
    <editor-bookmarks xmlns="http://www.netbeans.org/ns/editor-bookmarks/2" lastBookmarkId="0"/>
    <open-files xmlns="http://www.netbeans.org/ns/projectui-open-files/2">
        <group>
            <file>file:/U:/Documents/M2%20Info/AAW/Projet/netbeans/YaourtPlus2.0/YaourtPlus2.0-ejb/src/java/Entities/NotificationsLourdEntity.java</file>
            <file>file:/U:/Documents/M2%20Info/AAW/Projet/netbeans/YaourtPlus2.0/YaourtPlus2.0-ejb/src/java/Services/composites/AfficheStatutsService.java</file>
            <file>file:/U:/Documents/M2%20Info/AAW/Projet/netbeans/YaourtPlus2.0/YaourtPlus2.0-ejb/src/java/Services/elementaires/NotificationService.java</file>
            <file>file:/U:/Documents/M2%20Info/AAW/Projet/netbeans/YaourtPlus2.0/YaourtPlus2.0-ejb/src/java/Entities/NotificationsEntity.java</file>
        </group>
    </open-files>
</project-private>
