<?xml version="1.0" encoding="UTF-8"?>
<project-private xmlns="http://www.netbeans.org/ns/project-private/1">
    <editor-bookmarks xmlns="http://www.netbeans.org/ns/editor-bookmarks/2" lastBookmarkId="0"/>
    <open-files xmlns="http://www.netbeans.org/ns/projectui-open-files/2">
        <group>
            <file>file:/D:/Bureau/GitAAW/YaourtPlus/src/java/DAO/PersonnesDAOImpl.java</file>
            <file>file:/D:/Bureau/GitAAW/YaourtPlus/src/java/Controllers/MurController.java</file>
            <file>file:/D:/Bureau/GitAAW/YaourtPlus/src/java/DAO/PersonnesEntity.java</file>
            <file>file:/D:/Bureau/GitAAW/YaourtPlus/src/conf/persistence.xml</file>
            <file>file:/D:/Bureau/GitAAW/YaourtPlus/src/java/Service/InscriptionService.java</file>
            <file>file:/D:/Bureau/GitAAW/YaourtPlus/src/java/Service/MurService.java</file>
            <file>file:/D:/Bureau/GitAAW/YaourtPlus/web/WEB-INF/jsp/filous.jsp</file>
            <file>file:/D:/Bureau/GitAAW/YaourtPlus/src/java/DAO/PersonnesStatutsEntity.java</file>
            <file>file:/D:/Bureau/GitAAW/YaourtPlus/src/java/Service/FichierService.java</file>
            <file>file:/D:/Bureau/GitAAW/YaourtPlus/src/java/Service/NotificationsService.java</file>
            <file>file:/D:/Bureau/GitAAW/YaourtPlus/src/java/Controllers/FilousController.java</file>
            <file>file:/D:/Bureau/GitAAW/YaourtPlus/src/java/Service/FichierServiceImpl.java</file>
            <file>file:/D:/Bureau/GitAAW/YaourtPlus/src/java/Service/MessageServiceImpl.java</file>
            <file>file:/D:/Bureau/GitAAW/YaourtPlus/src/java/Controllers/NotificationsController.java</file>
            <file>file:/D:/Bureau/GitAAW/YaourtPlus/src/java/Service/StatutsService.java</file>
            <file>file:/D:/Bureau/GitAAW/YaourtPlus/src/java/DAO/PersonnesDAO.java</file>
            <file>file:/D:/Bureau/GitAAW/YaourtPlus/src/java/Service/StatutsServiceImpl.java</file>
            <file>file:/D:/Bureau/GitAAW/YaourtPlus/web/WEB-INF/jsp/gestionProfil.jsp</file>
            <file>file:/D:/Bureau/GitAAW/YaourtPlus/web/WEB-INF/jsp/navbar.jsp</file>
            <file>file:/D:/Bureau/GitAAW/YaourtPlus/src/java/Controllers/CompteController.java</file>
            <file>file:/D:/Bureau/GitAAW/YaourtPlus/src/java/DAO/PersonnesStatutsDAOImpl.java</file>
            <file>file:/D:/Bureau/GitAAW/YaourtPlus/src/java/Service/MurServiceImpl.java</file>
            <file>file:/D:/Bureau/GitAAW/YaourtPlus/src/java/Enumerations/TypeActions.java</file>
            <file>file:/D:/Bureau/GitAAW/YaourtPlus/src/java/Service/ConnexionService.java</file>
            <file>file:/D:/Bureau/GitAAW/YaourtPlus/src/java/DAO/MessagesDAOImpl.java</file>
            <file>file:/D:/Bureau/GitAAW/YaourtPlus/src/java/Service/FilousService.java</file>
            <file>file:/D:/Bureau/GitAAW/YaourtPlus/src/java/Service/ConnexionServiceImpl.java</file>
            <file>file:/D:/Bureau/GitAAW/YaourtPlus/src/java/Service/MessageService.java</file>
            <file>file:/D:/Bureau/GitAAW/YaourtPlus/src/java/Service/ProfilService.java</file>
            <file>file:/D:/Bureau/GitAAW/YaourtPlus/src/java/DAO/StatutsDAOImpl.java</file>
            <file>file:/D:/Bureau/GitAAW/YaourtPlus/src/java/DAO/MessagesEntity.java</file>
            <file>file:/D:/Bureau/GitAAW/YaourtPlus/src/java/Service/ProfilServiceImpl.java</file>
            <file>file:/D:/Bureau/GitAAW/YaourtPlus/web/WEB-INF/jsp/mur.jsp</file>
            <file>file:/D:/Bureau/GitAAW/YaourtPlus/src/java/Enumerations/TypeNotifications.java</file>
        </group>
    </open-files>
</project-private>
